track_id,artist,title,genre
694,Food For Animals,Planet Say (featuring Faust),Hip-Hop
695,Food For Animals,Elephants,Hip-Hop
4682,Dälek,Asylum (Permanent Underclass),Hip-Hop
4685,Dälek,Ever Somber,Hip-Hop
5268,Dälek,3 Rocks Blessed,Hip-Hop
10693,BOPD,6.6.05,Hip-Hop
10694,BOPD,aint no thing,Hip-Hop
10697,BOPD,1.26 beat1,Hip-Hop
10698,BOPD,2.12.05 elevator,Hip-Hop
11204,Audible Intelligence,Steppin' In,Hip-Hop
11263,Dan the Automator,Relaxation Spa Treatment,Hip-Hop
11298,Beastie Boys,Now Get Busy,Hip-Hop
11763,6th Sense,"Press Play Instrumental     {6th Sense, A Pinks, Emilio Rojas, Skyzoo}",Hip-Hop
11766,6th Sense,Beyon My Instrumental     {6th Sense},Hip-Hop
11771,6th Sense,D'Evils 2008 Instrumental     {Talib Kweli},Hip-Hop
11773,6th Sense,05 Too Complex Instrumental     {6th Sense & The Kid Daytona}.mp3,Hip-Hop
11775,6th Sense,We Don't Stop Instrumental     {6th Sense},Hip-Hop
11777,6th Sense,Never Change For The Fame Instrumental     {Wildabeast},Hip-Hop
11778,6th Sense,...Both Nice Instrumental     {Both Nice},Hip-Hop
11782,6th Sense,Acapella,Hip-Hop
11786,6th Sense,4AM Instrumental     {Wildabeast},Hip-Hop
11793,6th Sense,What You Talkin Bout Instrumental     {Mekka Don},Hip-Hop
11803,Talib Kweli,D'Evils 2008,Hip-Hop
11918,WatFatMan,deprecie,Hip-Hop
12174,Professor Kliq,Ode To Charles,Hip-Hop
12526,Virtu-oso,Time (Reprise) (Closing Credits),Hip-Hop
12531,Empathik,Que Le Hip-Hop Renaisse,Hip-Hop
13201,Ghostown,Moy Moy Moy,Hip-Hop
13747,Laws,Must Be a Hit,Hip-Hop
13768,Majik Most,Just a Feelin',Hip-Hop
14363,Thaione Davis,4:15 p.m. (Thursday),Hip-Hop
14386,9th Scientist,I Love Hip Hop,Hip-Hop
16879,Pre,Yesterday,Hip-Hop
17496,Formula,Scary Thoughts + Scary Dreams,Hip-Hop
17782,LoveJones and Phys Edison,Sit on the Moon,Hip-Hop
19726,Shlohmo,Ghosts pt. 2,Hip-Hop
19729,Shlohmo,Hot Boxing The Cockpit,Hip-Hop
21228,Lasswell,Dig Deep Mix,Hip-Hop
22094,Gates,I Remember When,Hip-Hop
22295,Comfort Fit,Sorry,Hip-Hop
22296,DJ /rupture,Je Suis Le Peuple Sans Visage Featuring Arnaud Michniak,Hip-Hop
24419,Black Ant,8bit2 3,Hip-Hop
24421,Black Ant,Black Ant,Hip-Hop
24422,Black Ant,Boomerang,Hip-Hop
24423,Black Ant,D8M3,Hip-Hop
24424,Black Ant,fACEMELTERmp3,Hip-Hop
24425,Black Ant,Fater Lee,Hip-Hop
24426,Black Ant,government funded weed,Hip-Hop
24427,Black Ant,Michael Vendette,Hip-Hop
24428,Black Ant,Underdog,Hip-Hop
24429,Black Ant,Oh K.,Hip-Hop
24430,Black Ant,Self Explainitory,Hip-Hop
24431,Black Ant,5 Piece,Hip-Hop
24432,Black Ant,Christmas Eve 2009,Hip-Hop
26007,Comfort Fit,Can I Help U?,Hip-Hop
29602,KenLo Craqnuques,L'Automne En Amour,Hip-Hop
33703,H.D.M.,Shakiram (Ni ahi con los giles),Hip-Hop
36302,Asthmatic Astronaut,Horn's for breakfast,Hip-Hop
36983,Black Ant,B.,Hip-Hop
36984,Black Ant,Natural Organics,Hip-Hop
36985,Black Ant,Mother Earth,Hip-Hop
36986,Black Ant,Sleep.,Hip-Hop
36987,Black Ant,james p. funk 2,Hip-Hop
36988,Black Ant,Damn.,Hip-Hop
36989,Black Ant,j.3o,Hip-Hop
36990,Black Ant,Brain HOle 9,Hip-Hop
36991,Black Ant,August,Hip-Hop
36992,Black Ant,Space Goat Remix,Hip-Hop
36994,Black Ant,Put it together,Hip-Hop
36995,Black Ant,October 16th,Hip-Hop
36996,Black Ant,Dark Slide,Hip-Hop
36997,Black Ant,Abstract Concepts - What up in the streets,Hip-Hop
40525,Duke Hugh,sweet and lowdown,Hip-Hop
42045,The Insider,The Great Break-off,Hip-Hop
43844,Katrah-Quey,swimming in random thrift store items,Hip-Hop
43856,Chicken Jones,raiz latina,Hip-Hop
43865,This One,up north,Hip-Hop
43869,Chicken Jones,as jimmy used to say,Hip-Hop
47171,SWERTE AND MADROTTER,04 jazz and hip hop,Hip-Hop
75371,Kellee Maize,In Tune,Hip-Hop
75401,Kellee Maize,Big Plans (Remix),Hip-Hop
75754,Kellee Maize,Struggle,Hip-Hop
83719,Cullah,Running Woman,Hip-Hop
86680,Krowne,Rear View Window,Hip-Hop
89848,Not The 1s,Not the 1s (prod. by Mexicans with Guns),Hip-Hop
89859,Not The 1s,Your Dad Hate Me (prod. by Daedelus),Hip-Hop
89860,Not The 1s,Speedin on You Slowpokes (prod. by dÉbruit),Hip-Hop
95912,Suicidal Rap Orgy,blood fart,Hip-Hop
95915,Suicidal Rap Orgy,The Penis Lord,Hip-Hop
99096,The Impossebulls,1Nation (One Fam),Hip-Hop
124717,K. Sparks,Hip Hop President,Hip-Hop
10,Kurt Vile,Freeway,Pop
10806,Lesbian Afternoon,Glowing Pavements,Pop
10807,Lesbian Afternoon,Three Owls Teahaus,Pop
10808,Lesbian Afternoon,Wind Up The Hypnotist,Pop
10809,Lesbian Afternoon,Pass That Joint,Pop
10810,Lesbian Afternoon,Under The Sunset,Pop
12179,Garmisch,U Fine,Pop
13197,First,Different Day,Pop
19073,Bell X1,One Stringed Harp,Pop
19074,Bell X1,The Great Defector,Pop
19759,Dirty Mittens,Let It Go,Pop
21231,TheJoe,"Not Like That-Collaboration Mix (ft. Mindmovie, Peter (Paddy) Bussmeier)",Pop
21232,Alex077,Where I Stand,Pop
27805,State Shirt,Both Eyes Closed (ft. Panu Moon),Pop
32330,Plushgoolash,Happy Birthday to Your Mother,Pop
44805,Monk Turner + Fascinoma,Start Again,Pop
44806,Monk Turner + Fascinoma,Letter to the Los Angeleans [BEFORE],Pop
44809,Monk Turner + Fascinoma,Everything Already,Pop
44810,Monk Turner + Fascinoma,Did You Feel That? [DURING],Pop
46854,Monk Turner,Halloween Night,Pop
55286,The Kyoto Connection,Take on me,Pop
61670,Gosprom,Japan Punk,Pop
64365,Bergitta Victor,I Feel,Pop
70426,Supercute,Candy City,Pop
87190,Eric & Magill,I Hear Trumpets,Pop
87194,Eric & Magill,Birthdays Are Important,Pop
87322,Sally Seltmann,The Truth,Pop
87323,Sally Seltmann,Sentimental Seek,Pop
87324,Sally Seltmann,Harmony To My Heartbeat,Pop
87325,Sally Seltmann,On The Borderline,Pop
108457,Miracles of Modern Science,Dear Pressure,Pop
108459,Miracles of Modern Science,Don't You See?,Pop
108460,Miracles of Modern Science,The Singularity,Pop
108461,Miracles of Modern Science,Physics Is Our Business,Pop
6964,Hat City Intuitive,Daily amra sedimentation,Jazz
16237,Sid Peacock,Bongo psylocybin,Jazz
16983,Har-You Percussion Group,Welcome To The Party,Jazz
22332,Kriss,Jazz Club,Jazz
23188,Lee Maddeford,Irresistible Yvette (with Les Gauchers Quintet),Jazz
24638,The Necks,Night One/Set Two,Jazz
28087,Hugo 'Droopy' Contini,Sandu,Jazz
28594,Breuss Arrizabalaga Quintet,The Dark Side Of Frigiliana,Jazz
28595,Breuss Arrizabalaga Quintet,Tsurugi,Jazz
28596,Breuss Arrizabalaga Quintet,Zubaida,Jazz
28597,Breuss Arrizabalaga Quintet,Pensamiento,Jazz
28598,Breuss Arrizabalaga Quintet,Mount Fuji,Jazz
28600,Breuss Arrizabalaga Quintet,They Dwell On Other Planes,Jazz
28601,Breuss Arrizabalaga Quintet,Nfamoudou-Boudougou,Jazz
28602,Breuss Arrizabalaga Quintet,Cherenzig,Jazz
28606,Breuss Arrizabalaga Quintet,Tiempo Espacial,Jazz
28607,Breuss Arrizabalaga Quintet,Ghosts,Jazz
39552,Jonah Dempcy,Azurescent,Jazz
62928,Ehran Elisha and Roy Campbell,They Enter Through the Ear,Jazz
72389,Sergi Boal,is there anybody out there,Jazz
83813,Brandon Ross,Other Side Blues,Jazz
86121,Houston Person,Sweet Sucker,Jazz
86122,Houston Person,Tenderly,Jazz
86127,Say Uncle,Never Goes Away,Jazz
255,Bird Names,We Want to be Old,Rock
256,Black Elk,Toggle,Rock
305,Blah Blah Blah,Disney on Ice,Rock
368,Blah Blah Blah,Vampires,Rock
574,Clockcleaner,Caliente Queen,Rock
690,Flying Luttenbachers,Cataclysm,Rock
777,Glove Compartment,Relaxing,Rock
825,Here Comes A Big Black Cloud!!,Death March,Rock
993,Jad Fair and Jason Willett,Or So I've Been Told,Rock
1087,Mahjongg,Tell The Police The Truth,Rock
1102,Mary Halvorson and Weasel Walter,Rare Vodka from the Fourteenth Century,Rock
1183,Mors Ontologica,Vampires In My Neighborhood,Rock
1270,Necropolis,Cocksuckerbastardmotherfucker,Rock
1354,Oh My God,Fools Want Noise,Rock
1366,Olneyville Sound System,"These Guys Don't Take Requests, They Don't Play Showtunes",Rock
1417,Pierced Arrows,Guns of Thunder,Rock
1450,Ponytail,Burning Saddles,Rock
1706,Strapping Fieldhands,In the Pineys,Rock
1720,Sun Araw,Harken Sunshine,Rock
1883,The Yolks,I Do What I Do,Rock
1891,Thee Oh Sees,Kids In Cars,Rock
3492,Citay,On The Wings,Rock
3624,Fallen Leaves,Days of Summer,Rock
3645,Gary Wilson,NY Surf,Rock
3647,Gary Wilson,Cindy,Rock
3649,Gary Wilson,Chromium Bitch,Rock
3650,Gary Wilson,Groovy Girls Make Love at the Beach,Rock
3760,Killdozer,Sweet Home Alabama,Rock
3761,Kinski,Improv,Rock
3762,Kinski,Snowy Parts of Scandinavia,Rock
3763,Kinski,Shelley Winters Overdrive,Rock
3764,Kinski,Schedule For Using Pillows and Beanbags,Rock
3765,Kinski,Waves of Second Guessing,Rock
3766,Kinski,Rhode Island Freakout,Rock
3767,Kinski,Edge Set,Rock
3840,Lightning Bolt,Track 08,Rock
3872,Loto Ball Show,Oriental Danzig,Rock
4108,Psychedelic Horseshit,New Wave Hippies,Rock
4111,Psychedelic Horseshit,Bad Vibrations,Rock
4198,Sic Alps,Latin,Rock
4752,The Bad Trips,First Priority,Rock
4764,Low,Always Fade,Rock
4776,Half Japanese,Face Rake,Rock
4777,Half Japanese,Firecracker,Rock
4778,Half Japanese,Too Much Fun,Rock
4779,Half Japanese,Secret Admirer,Rock
4780,Half Japanese,Too Much Adrenaline,Rock
4781,Half Japanese,No Big Deal,Rock
4782,Half Japanese,Thing With a Hook,Rock
4783,Half Japanese,I'll Chane My Style,Rock
4784,Half Japanese,Rosemary's Baby,Rock
4785,Half Japanese,I Know How It Feels...Bad,Rock
4786,Half Japanese,"1,000,000 Kisses",Rock
4787,Half Japanese,Nicole Told Me,Rock
4788,Half Japanese,Fire To Burn,Rock
4799,Harvey Milk,I've Got a Love,Rock
4835,Peelander-Z,Steak,Rock
4836,Peelander-Z,Panda Punk Tongue,Rock
4837,Peelander-Z,Bruce Lee Blue Three,Rock
4838,Peelander-Z,Punk Rock,Rock
4840,Peelander-Z,KO Bon Bayeh,Rock
6517,Sakura Madams,Stars,Rock
6519,Sakura Madams,Somebody To Love,Rock
6520,Sakura Madams,Hole In The Sky,Rock
6522,Sakura Madams,I Can't Go For That,Rock
6716,Tombs,To Cross the Land,Rock
6734,Tombs,The Great Silence,Rock
6788,Peelander-Z,Tokugiri Star,Rock
7132,Nick Hennies,Fresh Born (Deerhoof cover),Rock
7495,Homosexuals,Soft South Africans,Rock
7865,Boss Hog,Trouble,Rock
7872,Boss Hog,Saved,Rock
7874,Boss Hog,Hustler,Rock
8208,Alan Vega & Oneida,Rocket USA,Rock
8919,Yellow Swans,untitled,Rock
9553,Kristin Hersh,Morning Birds,Rock
9637,Xiu Xiu w/ Kristin Hersh,Angel of the Battlefield,Rock
10932,Farmer's Boulevard,Smile,Rock
11205,60 Tigres,Dentro de mi Cuerpo,Rock
11268,Le Tigre,Fake French,Rock
11306,Abunai!,Inspiration,Rock
11933,Isolated Atoms,Tell Me What I Want,Rock
12112,junior85,indie cool pretty of today are plastic surgery disasters of tomorrow,Rock
12521,Brad Sucks,Never Get Out,Rock
12611,Slough Feg,Hiberno Latin Invasion,Rock
13217,The Unfinished Sympathy,Teenage Kicks,Rock
13470,Kolokon,Global Circus,Rock
13556,STEEP,Let Me Go,Rock
13559,Misery,Sara,Rock
13596,b-Shake,Insane,Rock
13666,M.A.Z.C.A.,Seven Faces of Him,Rock
13761,Jeffrey Lewis,It's Not Impossible,Rock
14653,Brad Sucks,Bad Sign,Rock
14733,Throwing Muses,Mania,Rock
14734,Throwing Muses,Shark,Rock
14735,Throwing Muses,Start,Rock
14736,Throwing Muses,Hazing,Rock
14737,Throwing Muses,Speed and Sleep,Rock
14738,Throwing Muses,Devil's Roof,Rock
14739,Throwing Muses,Say Goodbye,Rock
14740,Throwing Muses,Tar Kissers,Rock
14741,Throwing Muses,Limbo,Rock
14742,Throwing Muses,Bright Yellow Gun,Rock
14743,Throwing Muses,Vicky's Box,Rock
14744,Throwing Muses,Bea,Rock
14745,Throwing Muses,Pearl,Rock
16354,Michael Gira,Rose of Los Angeles,Rock
16819,Pharaos,Mission Bucharest,Rock
16820,Pharaos,Investigation,Rock
16821,Pharaos,The Pharaos' Theme,Rock
16822,Pharaos,Warzaw Express,Rock
17445,Latent Chaos,Cheap Italian Sunglasses,Rock
17462,Soul Celtics,Baby With A Bamboo Heart,Rock
17944,Dark Meat,Song of the New Year (Viking Song),Rock
18197,Kraus,Happening for Lulu,Rock
18607,Kraus,Dear Giulietta,Rock
18611,Kraus,"I Love You, I'm Sorry",Rock
20050,Family Of The Year,Let's Go Down,Rock
21185,Grass Widow,To Where,Rock
21302,Home Blitz,Two Steps,Rock
21859,Paint and Copter,Alchemy Lab,Rock
21860,Paint and Copter,Everyone Wins,Rock
21861,Paint and Copter,Sub Naught,Rock
22093,Josh Woodward,I'm Not Dreaming,Rock
22601,Farmer's Boulevard,Don't Forget Africa,Rock
23037,major Major,Chinese Drop,Rock
23041,Stromble Fix,Cold Age,Rock
23172,Juanitos,Octopussy,Rock
26310,Karl Blau,Mockingbird Diet,Rock
26638,Flowerheads,02,Rock
26639,Flowerheads,03,Rock
26640,Flowerheads,04,Rock
26641,Flowerheads,05,Rock
26642,Flowerheads,06,Rock
27788,Pissed Jeans,L Word / Boring Girls,Rock
27789,Pissed Jeans,She Is Science Fiction / Half Idiot / Human Upskirt / Pleasure Race,Rock
28266,Lame Drivers,Working Song,Rock
28917,Nuit Noire,Opening The Portal,Rock
29451,Bam Bam,Sin las patas traseras,Rock
29836,Wukir,0,Rock
29934,Iron Man,Black Night,Rock
30865,Electric Jellyfish,"Imagine of Power, Poolside",Rock
31426,Shearer,Pirates,Rock
31999,Twin Sister,I Want a House,Rock
32000,Twin Sister,Dry Hump,Rock
32001,Twin Sister,Ginger,Rock
32002,Twin Sister,Nectarine,Rock
32075,Single Bullet Theory,Rocker's Night Out (Punk for a Day),Rock
32076,Single Bullet Theory,Rock Around the Apocalypse,Rock
32080,Single Bullet Theory,Keep It Tight,Rock
32081,Single Bullet Theory,Miss Two Knives,Rock
32082,Single Bullet Theory,There is the Boy,Rock
32457,Sic Alps,The Drake,Rock
33459,Unrest,Cherry Cherry,Rock
33460,Unrest,So Sick,Rock
33461,Unrest,Make Out Club,Rock
33463,Unrest,Isabel,Rock
33465,Unrest,West Coast Love Affair,Rock
33466,Unrest,I Do Believe You Are Blushing,Rock
33467,Unrest,Firecracker,Rock
33533,Kristin Hersh,Slippershell,Rock
33538,Calexico,Roka,Rock
33540,Calexico,Inspiracion,Rock
34352,Another Day On Earth,Zelda Whistle,Rock
34579,Party Boys,House of books,Rock
35527,Lorenzo's Music,Downtown,Rock
35534,Lorenzo's Music,Feed The One,Rock
35537,Lorenzo's Music,Indian Summer,Rock
35539,Lorenzo's Music,Oh Oh Oh,Rock
35541,Lorenzo's Music,After All That's Happened,Rock
35543,Lorenzo's Music,It Could Be You,Rock
35571,Marvelry Skimmer,Dunebuggy,Rock
36481,Las Ruinas,fashion city,Rock
36526,Lou Barlow,Faith Defies the Night,Rock
36527,Lou Barlow,Losercore,Rock
36721,Aritus,Path of witches,Rock
37460,John Wesley Coleman,Ooh Basketball,Rock
37725,Bardo Pond,The Stars Behind,Rock
37727,Bardo Pond,Tommygun Angel,Rock
37729,Bardo Pond,Absence,Rock
37730,Bardo Pond,Sometimes Words,Rock
37731,Bardo Pond,Limerick,Rock
37859,The Itchy Creeps,In The Hall Of The Mountain King,Rock
37860,The Itchy Creeps,Gorilla Foot,Rock
38435,Kraus,Beloved Girlfriend,Rock
38518,Transmitters,Epiclectics,Rock
38522,Transmitters,Cellos,Rock
38556,Party People in a Can,Leaving The Home Tribe,Rock
38613,Sta. Apolónia,Go... Fight ... Win...,Rock
38617,Kraus,Electric Cyan,Rock
38745,Bardo Pond,Straw Dog,Rock
38749,Bardo Pond,Aldrin,Rock
39298,Gina Artworth,Fourty niners,Rock
39359,i'dawn,The last hours of sunshine,Rock
39760,My Mind,Football Boys (Concrete Schoolyard),Rock
40133,Behold! The Living Corpse,Two Headed Baby,Rock
40134,Behold! The Living Corpse,Death March,Rock
40903,James Beaudreau,The Devil is a Sad Spirit,Rock
40939,The Sights,Tick Talk Lies,Rock
40940,The Sights,Maria (and) Could Not Call It Love (and) How Do You Sleep,Rock
40984,Kristin Hersh,Crooked,Rock
40985,Xiu Xiu,Chocolate Makes You Happy,Rock
40986,The Corin Tucker Band,Doubt,Rock
41095,Johnny Hawaii,The Lonely Smurfer,Rock
41812,Raden Anom Prakoso,Flashback Documentary of Indonesian Independence Hegemony,Rock
41961,Ga'an,Chasmaeon,Rock
41962,Ga'an,Living Tribunal,Rock
41965,Ga'an,Servant Eye,Rock
42044,NanowaR Of Steel,NanowaR,Rock
42310,Lockerbie,Sumar (intro),Rock
42449,Mario Garcia,A2 Quando cair O super heroi,Rock
42475,Art Boys Collection,A 1 Freedom voice of my soul,Rock
42761,voyageurs,BLACK FOREST,Rock
42787,voyageurs,LIQUID SKULLS,Rock
42789,voyageurs,SLEEPING OUTDOORS,Rock
43615,Lorenzo's Music,Indian Summer,Rock
44195,Made Out Of Babies,Invisible Ink,Rock
44287,Atakke,Fight Makes Right,Rock
45054,I Drug Moy Gruzovik...,O Starshem Brate,Rock
45055,I Drug Moy Gruzovik...,Pesnya Marka,Rock
46149,Soft Circle,Nerve Of People,Rock
46757,The Paperhead,Back To Those Days,Rock
47449,Jonathan Kane's February,Gripped,Rock
47471,Elks,Weed Wolf,Rock
47478,Higgins,Yes I Know,Rock
47676,Lifeguards,Paradise Is Not So Bad,Rock
47916,Dumbo Gets Mad,Plumy Tale,Rock
47921,Dumbo Gets Mad,Eclectic Prawn,Rock
48015,Spy Over There,The Ocean,Rock
48367,Cloudkicker,What It Is Impossible Not to Know and What It Is No Longer Permissible To Believe in the United States,Rock
48368,Cloudkicker,A Hymn to the Projectile,Rock
48369,Cloudkicker,One Enemy Among Twenty-Five Million Friends,Rock
48990,Les Baudouins Morts,Rompuy Reggae,Rock
49103,White Fence,Lilian (Won't You Play The Drums) (Live @ WFMU),Rock
49441,Bush Tetras,You Taste Like The Tropics,Rock
49812,Ice Age,Rotting Heights,Rock
49813,Ice Age,You're Blessed,Rock
49817,Ice Age,New Brigade,Rock
50270,Cautiva,Human,Rock
50444,Milk Music,Thrashing In The Unknown,Rock
50445,Milk Music,I've Got A Wild Feeling,Rock
50446,Milk Music,Violence Now,Rock
50447,Milk Music,Beluga,Rock
50448,Milk Music,Fertile Ground,Rock
50449,Milk Music,Interview,Rock
50752,Metalmorphosis,Ballada Bezbożna,Rock
50753,Metalmorphosis,Całujcie Mnie,Rock
50754,Metalmorphosis,Biopsja Duszy,Rock
51716,Urge Overkill,Rock & Roll Submarine,Rock
53807,Sex Church,Dull Light,Rock
54735,Disco Zombies,Drums Over London,Rock
54736,Disco Zombies,Mary Millington,Rock
54930,Mikal Cronin,You Gotta Have Someone,Rock
55402,The Soft Moon,Total Decay,Rock
55709,et_,11,Rock
55710,et_,Train's gone,Rock
55711,et_,Tarmac,Rock
55712,et_,Kino,Rock
55715,et_,Chain splendour 2,Rock
55718,et_,Kopeika,Rock
55719,et_,Children,Rock
56883,Wooden Shjips,Lazy Bones,Rock
56885,Wooden Shjips,We Ask You To Ride,Rock
56929,Jack Ruby,Hit and Run,Rock
57558,Black Fortress of Opium,Twelve Gross,Rock
57624,Phantom Payn Days,Art Is Dead,Rock
58221,Sick of Sarah,Kick Back,Rock
58539,Man Bites Dog,Whispers In My Mind,Rock
59876,Boy Friend,Lovedropper,Rock
59904,Chelsea Wolfe,Pale On Pale,Rock
63043,The Wedding Present,"Dont Talk, Just Kiss",Rock
63045,The Wedding Present,Brassneck,Rock
63187,speedy ortiz,Basketball,Rock
63188,speedy ortiz,Indoor Soccer,Rock
63468,Mutilation Rites,Broken Axis,Rock
63469,Mutilation Rites,Dead Years,Rock
63472,Mutilation Rites,A Season of Grey Rain,Rock
63593,White Hills,Song Of Everything,Rock
63922,Beme Seed,Happy Me,Rock
64029,Literature,Grifted,Rock
64035,Literature,Criminal Kids,Rock
64567,Starring,The Best,Rock
67121,A Banda de Joseph Tourton,#3,Rock
67566,The Sights,Not As Pretty,Rock
67654,Dyman,Follow the Dragon,Rock
67659,Dyman,Let's Talk About It,Rock
67660,Dyman,Suns of Neurons,Rock
67661,Dyman,Kankarah,Rock
68708,Potty Mouth,Kids,Rock
68712,Potty Mouth,Dog Song,Rock
68713,Potty Mouth,Black and Studs,Rock
69259,Sonny & The Sunsets,Heart of Sadness,Rock
69263,Sonny & The Sunsets,Dried Blood,Rock
69781,Home Blitz,Secret Wave,Rock
69945,White Wires,Roxanne,Rock
69949,White Wires,All Night Long,Rock
71362,Black Bones,Pirates Of The Coast,Rock
71365,Black Bones,Burning Soul,Rock
71371,Black Bones,Good Times,Rock
71372,Black Bones,Rock N Roll,Rock
71488,Nuclear Santa Claust,Bikini Island,Rock
72060,Quest Poetics,Beauty vs. Facts,Rock
72475,Louis Lingg and The Bombs,Destroy Civilisation,Rock
75211,SOB Pariassound,Noodles and commercial TV,Rock
75903,The Monitors,D.E.S.,Rock
82462,Throwing Muses,Stand Up,Rock
82464,Throwing Muses,Not Too Soon,Rock
82468,Throwing Muses,America (She Can't Say No),Rock
84289,Mudhoney,Chardonnay,Rock
84290,Mudhoney,Slipping Away,Rock
84291,Mudhoney,I Like It Small,Rock
84294,Mudhoney,The Only Son Of The Widow Nain,Rock
86795,Singvøgel,Pegasus,Rock
86799,Von Korf,Marktversagen,Rock
87361,Nisi Period,Echo of Suggestion,Rock
87363,Nisi Period,Treat Her Like a Sailor,Rock
87490,Born Loose,Step Up To The Plate (Be A Runaway),Rock
87491,Born Loose,Deadbeat Street,Rock
91205,Lorenzo's Music,Picture it all,Rock
92521,The Party Faithful,This Is Love,Rock
94532,Brian Wilson Shock Treatment,Raise Them Up,Rock
94550,The Rockin' Guys,O.H. Lee,Rock
99250,Distemper,Start to relax,Rock
99259,Distemper,At dawn,Rock
99260,Distemper,Happy end,Rock
104086,Carsick Cars,The Best VPN So Far,Rock
105094,Live Fast Die,Guitar Star,Rock
107476,CRTVTR,Piano Piano,Rock
107504,The United Sons of Toil,Sword of Damocles,Rock
107506,The United Sons of Toil,Operation Cast Lead,Rock
107507,The United Sons of Toil,State-Sponsored Terrorism,Rock
108290,Celebration,What's This Magical,Rock
108295,Celebration,Open Your Heart,Rock
108297,Celebration,Battles,Rock
108298,Celebration,Kilimanjaro,Rock
108957,The Mystery Artist,Travels,Rock
108959,The Mystery Artist,Into Her Arms,Rock
108961,The Mystery Artist,Mr. Person,Rock
108962,The Mystery Artist,Unquietness,Rock
109235,Vicky and The Vengents,Sha Na,Rock
109349,intouch,Pride,Rock
110544,High Times,Bayless,Rock
110545,High Times,Fish Newark And Die,Rock
110546,High Times,Two Maps And A Live Shot,Rock
110862,Ultimate Painting,Winter In Your Heart,Rock
110863,Ultimate Painting,Ten Street,Rock
110980,Antethic,Time Forward,Rock
110982,Antethic,This Game Has No Name,Rock
110983,Antethic,Morning Glory,Rock
111747,Soko,We Might Be Dead By Tomorrow,Rock
111910,Camden,Just Like Moscow Winter,Rock
111911,Camden,"Darling, Applaud",Rock
112313,Cloudkicker,Parliament,Rock
112314,Cloudkicker,Chameleon,Rock
112315,Cloudkicker,Digital Lightning,Rock
112316,Cloudkicker,Hassan,Rock
112318,Cloudkicker,Sky Guide,Rock
113298,Los Margaritos,Canibalismo En Africa,Rock
114198,Fallen to Flux,"From The Outside, Looking In",Rock
114200,Fallen to Flux,Relapse,Rock
114201,Fallen to Flux,Disenchanted,Rock
115761,Zoliborz,Roland Garros 2048,Rock
115762,Zoliborz,Poincare Conjecture,Rock
115763,Zoliborz,The Secret of Life,Rock
115764,Zoliborz,Hangovered,Rock
115765,Zoliborz,To Balagopalan Ganapathy,Rock
115766,Zoliborz,The Call of the Polar Star,Rock
116546,Andrew Howes,Thock Hill,Rock
116547,Andrew Howes,Waiting,Rock
116548,Andrew Howes,4 am,Rock
116867,The New Lines,Sentry On Patrol,Rock
117878,Connections,Finally,Rock
117883,Connections,Cruise Control,Rock
117884,Connections,Green Skull,Rock
121256,King Capisce,Shake the Dust,Rock
121260,King Capisce,St. Jude,Rock
121587,Cold Beat,Worms,Rock
121833,Mikal Cronin,Turn Around,Rock
122472,Eric & Magill,Merry-Go-Round Heart,Rock
123427,Ex Hex,Don't Wanna Lose,Rock
123469,Dropout Patrol,Airports,Rock
123473,Dropout Patrol,The Great Hesitation,Rock
123561,The First Class,I'll Always,Rock
123821,E A Terra Nunca Me Pareceu Tão Distante,...E Você Espera Por Tanto Tempo Que Já Não Lembra Mais o Porquê,Rock
123822,E A Terra Nunca Me Pareceu Tão Distante,Todo Corpo Tem Um Pouco de Prisão,Rock
124184,Bloodgod,Heist,Rock
124185,Bloodgod,Wrecking Ball Surprise,Rock
124186,Bloodgod,Bloodgod,Rock
414,Borful Tang,John And Mary - The Restaurant,Electronic
665,Ethan Persoff,Disneyland (edit),Electronic
1482,Rainbro,Reindeer Dance,Electronic
3565,Dan Deacon,Playful Piano Piece,Electronic
3573,Dan Deacon,Piggled,Electronic
4519,High Places,Golden,Electronic
4520,High Places,From Stardust to Sentience,Electronic
4521,High Places,Namer,Electronic
4522,High Places,Oceanus,Electronic
7011,junior85,in sleepy electricity,Electronic
7937,Kim & Buran,New Years Party by Toptygin (live),Electronic
9186,High Places,"live dublab ""sprout session"" (08.02.07)",Electronic
9813,8 Bit Weapon,One Last Mission,Electronic
9884,8 Bit Weapon,Micro Boogie,Electronic
11262,Cornelius,Wataridori 2,Electronic
11266,DJ Dolores,Oslodum 2004,Electronic
11273,Thievery Corporation,DC 3000,Electronic
12189,Mr. Moods,Ultraviolence,Electronic
12275,Tussle,Chicken and Cheese 2 (Foot Village cover),Electronic
13367,Aleksi Virta,Cosmos Bossa,Electronic
13474,Black Era,Then,Electronic
13562,Maniax Memori,It's Not Jazzz,Electronic
13668,This One,No Time For Lookin' Back,Electronic
14344,Ambienteer,Ecclesia,Electronic
14652,Animal Style,DMG Guitar,Electronic
14803,starkey,time,Electronic
14869,violett,ukelele,Electronic
16827,Owltree,A Small Rodent for Breakfast Makes Owlie Happy,Electronic
17882,Covox,Jet Alone,Electronic
17884,Covox,End to Joy,Electronic
18636,Bondage Fairies,nv4.dll,Electronic
20667,Vim,surprisingly upbeat about it,Electronic
21422,Mochipet,Cleaning San Fran Oil Spill With Hair Mats And Mushrooms,Electronic
21426,Wisp,Out Of Season,Electronic
22592,DJ /rupture & Matt Shadetek,Underwater High Rise,Electronic
23010,Monopole,Stereo-vision radio,Electronic
23013,Professor Kliq,Bust This Bust That,Electronic
23016,The Lights Galaxia,While She Sleeps (Morning Edit),Electronic
23036,Professor Kliq,Bust This Bust That Pt. 1 & 2,Electronic
23355,Halogen,Length and Brecht /Synaecide Remix/,Electronic
23505,Pierlo,Cliverpool,Electronic
23854,Goto80,Datahell,Electronic
23856,Goto80,Bullcactus,Electronic
23857,Goto80,Soft Commando,Electronic
23858,Goto80,Monster,Electronic
23860,Goto80,Markus,Electronic
23861,Goto80,Rofon,Electronic
23862,Goto80,Datahell Beta,Electronic
24177,Bit Shifter,Easy Prey (Live),Electronic
24750,Granlab,Memories,Electronic
24855,Elektronova,Das Muss Liebe Sein,Electronic
25378,valzi,"love, ignorant",Electronic
25397,minusbaby,"Flying Bonus Beats, Version 1",Electronic
28179,I.D. & Baobinga,Raise Riddim,Electronic
28546,DoKashiteru,Our Slanted Voices (ft. Colin Mutchler),Electronic
28548,General Fuzz,summer,Electronic
28553,_ghost,Lullaby,Electronic
29037,Digi G'Alessio,raw instrumental pt.1,Electronic
29038,Digi G'Alessio,int.early.hood,Electronic
29039,Digi G'Alessio,malva (instrumental),Electronic
29040,Digi G'Alessio,raw instrumental pt2,Electronic
29041,Digi G'Alessio,switches (instrumetal),Electronic
29042,Digi G'Alessio,darix togni,Electronic
29043,Digi G'Alessio,perro,Electronic
29044,Digi G'Alessio,ekiti son feat valeska - april deegee rmx,Electronic
29526,8bit Betty,Blast Off!,Electronic
29527,8bit Betty,Was that away message for me?,Electronic
29528,8bit Betty,And I know that you're happy (ballad of the lonesome spaceboy),Electronic
29530,8bit Betty,Spooky Loop,Electronic
29816,Future Islands,In The Fall,Electronic
30519,Trash80,Icarus,Electronic
30520,Trash80,Robot Sneakers,Electronic
30521,Trash80,Missing You,Electronic
30522,Trash80,At Teh Disko,Electronic
30893,Digi G'Alessio,The Istanbul Clan (La Partenza),Electronic
30895,Digi G'Alessio,Camuffarsi e Mantenere la Calma (Al Pianobar),Electronic
31040,Christian Bjoerklund,Hallon,Electronic
31041,Christian Bjoerklund,5,Electronic
31043,Christian Bjoerklund,The Professor's Lab,Electronic
31044,Christian Bjoerklund,In The Belly Of Gorgul,Electronic
31568,Nameless Dancers,Morning News,Electronic
31577,Nameless Dancers,Rio Tribal,Electronic
32218,Monokle & Galun,Happy Sun,Electronic
32433,Crazy Games,Wake Up,Electronic
32435,Go Gadget,Password,Electronic
32437,Big Bang Boom,Healing,Electronic
32438,You Kill My Brother,Go! Go! Go!,Electronic
32439,Son Of A Bit!,Chased By A Running Chupacabra,Electronic
33064,Willow,Little Toys,Electronic
33203,Maryos,African Era,Electronic
33213,Alien Pimp,The Original,Electronic
33216,Alexandrina,Noi Doi (Silent Strike Remix),Electronic
33221,Suie Paparude,Belladonna,Electronic
33623,Sabi,Screaming Bulb (10'3'23),Electronic
33632,Sabi,"Wet, Soft Coteau, Carps",Electronic
35296,Dntel,Super Antihistamine,Electronic
35299,Mochipet,Petdestroyer,Electronic
36096,Exteenager,your name is rain,Electronic
36097,Exteenager,it was magic,Electronic
36099,Exteenager,morpheus,Electronic
36380,Pixelord,Cybernator (CC BY-NC-SA 3.0),Electronic
36428,Bitbasic,The lack of anything good,Electronic
36435,Bitbasic,Please Mind the Dubstep,Electronic
36998,Exteenager,bonsoir tiroir!,Electronic
37131,Pharmacom,Dracular's Revenge,Electronic
37917,Wizwars,Game Boy Rock!!,Electronic
39291,Meme,Citylife (Meme vs Xan),Electronic
39605,UltraCat,Disco High,Electronic
39607,UltraCat,Unexpected Little Happenings,Electronic
40081,Kido,.....,Electronic
40842,Fancy Mike,Death Proof,Electronic
40843,Fancy Mike,Sunshine,Electronic
40844,Raw Stiles,E.M.F.H.,Electronic
40845,Raw Stiles,Rouge,Electronic
42018,Electronischebasisgeluide,La boite a track (Spain),Electronic
42019,Hot Fire,Them Never Love No Bans - DnB Mix (Germany),Electronic
42372,Broke For Free,Only Instrumental,Electronic
42373,Broke For Free,Mell's Parade,Electronic
42374,Broke For Free,My Luck,Electronic
42375,Broke For Free,Day Bird,Electronic
42376,Broke For Free,My Always Mood,Electronic
42377,Broke For Free,Night Owl,Electronic
42740,Sleepy Town Manufacture,Komnata,Electronic
42750,Sleepy Town Manufacture,Owen,Electronic
43154,Dubalizer,Samba Que Vem,Electronic
44092,8 Bit Weapon,Future Paths,Electronic
44093,µB,Beach Biscuit,Electronic
45099,Rolemusic,Spell,Electronic
45101,Rolemusic,Straw Fields,Electronic
45103,Rolemusic,Poppies,Electronic
45146,Emah,Fšenku,Electronic
45147,Future Sound Of Petržalka,Trávnica,Electronic
45149,Nisiru,Magyar Skweeast,Electronic
45150,Michael Kelso,Suffer,Electronic
45151,Burning Boy,Vychovaj Ma,Electronic
45152,DrGy,Million Flutes And One Drunken Shepherd,Electronic
45153,Foolk,Green Deli,Electronic
45154,Influenza,101010W,Electronic
45502,2NRO8OT,Video Connector (Outro),Electronic
45507,2NRO8OT,Crash Of The First Interstellar Channel,Electronic
46157,Antiphon,over and under,Electronic
46158,Earsmack,slow motion,Electronic
46159,Erin Dingle,All Tremors Cease (lokey's imminent revision),Electronic
46160,Poorpot,kaze no tani no naushika,Electronic
46483,Females,8-Bit,Electronic
47068,Eric Skiff,A Night Of Dizzy Spells,Electronic
47069,Eric Skiff,Underclocked (underunderclocked mix),Electronic
47070,Eric Skiff,Chibi Ninja,Electronic
47071,Eric Skiff,All of Us,Electronic
47072,Eric Skiff,Come and Find Me,Electronic
47073,Eric Skiff,Searching,Electronic
47075,Eric Skiff,Ascending,Electronic
47076,Eric Skiff,Come and Find Me - B mix,Electronic
47077,Eric Skiff,Arpanauts,Electronic
48290,Rolemusic,Leafless Quince Tree,Electronic
48293,Goto80,aaf,Electronic
48866,Zen Albatross,Live at Blip Festival 2011,Electronic
51785,Rolemusic,Yellow Dust,Electronic
55776,environmental sound collapse,chiptune is as dead as gabe's mom,Electronic
56523,Kevin Bryce,Sports Day,Electronic
66859,Anitek,Broke Fashion,Electronic
67470,Ant Neely,Might As Well Whistle,Electronic
71503,ui,@,Electronic
71504,MattyBoJangles,M0n0R41L,Electronic
71506,Subway Sonicbeat,Cloudy,Electronic
71508,egr,Burn Down the Monostery,Electronic
71510,Din Sky,Chemtrails,Electronic
71511,Peter Swimm,October Surprise [wiretap mix],Electronic
71512,Quelle Fromage,Noam Chomsky's Corporate Carbohydrate Surprise,Electronic
71513,XC3N,M0NOR4V3N,Electronic
71515,BLEO,How Ya Like Me Now Pt.2,Electronic
71516,Pulselooper,Neurociencia,Electronic
79603,trollhead,Trolls Dub,Electronic
79605,trollhead,Trolls in Dub,Electronic
97959,Gilo,Este som - parte2,Electronic
97960,Gilo,Eu sou o fado,Electronic
97961,Gilo,Why does my heart...,Electronic
97962,Gilo,Breacking down,Electronic
98202,Ezylohm_tek,La Terre [Intro],Electronic
98203,Ezylohm_tek,A Message From Space,Electronic
99032,The Polish Ambassador,Kids Music for Adults,Electronic
99039,The Polish Ambassador,My Time Machine,Electronic
99041,The Polish Ambassador,Optimus Primal,Electronic
99703,eden,HEAVEN,Electronic
107613,Vienna Ditto,Ugly,Electronic
107615,Vienna Ditto,Stop,Electronic
107616,Vienna Ditto,I Know His Blood,Electronic
107617,Vienna Ditto,La Nina Blanca,Electronic
107800,Tab & Anitek,Malignant Flip,Electronic
112369,Avaren,Precipice,Electronic
113326,Chtin Mara,Dog Kiss,Electronic
113331,Chtin Mara,Killer Owl,Electronic
113332,Chtin Mara,Waltz for Elephants,Electronic
113334,Chtin Mara,Tick Blood,Electronic
113335,Chtin Mara,Like a Fish,Electronic
113336,Chtin Mara,Sloth Step,Electronic
114241,Tentacles,Vitality,Electronic
114242,Tentacles,Disco Time,Electronic
115339,Little Glass Men,Whiteout,Electronic
115385,505,Stream,Electronic
115388,505,Tell me,Electronic
115391,505,Yaataaru,Electronic
115392,505,Z,Electronic
118626,Marrach with H. Stewart,Hellhound,Electronic
118627,Marrach with H. Stewart,Twinkle,Electronic
118628,Marrach with H. Stewart,Mime,Electronic
118629,Marrach with H. Stewart,Black Diamond,Electronic
118921,Little Glass Men,Westside Chillers,Electronic
118922,Little Glass Men,Modulation of the Spirit,Electronic
118923,Little Glass Men,Blackout & Blue,Electronic
119048,Coconut Monkeyrocket,Illogical Boogie,Electronic
119049,Coconut Monkeyrocket,Shopping For Explosives,Electronic
119050,Coconut Monkeyrocket,"Bloops, Bleeps, Bongos & Brass",Electronic
122999,Anima,Overlooking Eternity,Electronic
123000,Anima,Incubating In Ice,Electronic
123001,Anima,The Rain Dance,Electronic
123002,Anima,You Are Truth,Electronic
27609,El Niño del Parking,Baile me por Tangos,International
27610,El Niño del Parking,Big Foot (Cuántos Años),International
27611,El Niño del Parking,La Juerga en Estado Puro,International
27612,El Niño del Parking,Que te Quiero Yo,International
27613,El Niño del Parking,Los Dolores de Juana,International
33072,Chico Trujillo,Lanzaplatos,International
38775,Sláinte,"Kesh Jig, Leitrim Fancy",International
38776,Sláinte,Silver Spear,International
38779,Sláinte,Carolan's Draught,International
38780,Sláinte,Maid Behind the Bar,International
38781,Sláinte,"Denis Murphy's, John Ryan's",International
38783,Sláinte,Banish,International
38784,Sláinte,Julia Delaney,International
38785,Sláinte,"Si Beag Si Mor, Snowy Path",International
4850,Paul Pitman,"Preludes, Book 2 - ",Classical
10026,Daniel Veesey,"Sonata No. 1 in F Minor, Op. 2 No. 1 - I. Allegro",Classical
10027,Daniel Veesey,"Sonata No. 1 in F Minor, Op. 2 No. 1 - II. Adagio",Classical
10028,Daniel Veesey,"Sonata No. 1 in F Minor, Op. 2 No. 1 - III. Menuetto Allegretto",Classical
10029,Daniel Veesey,"Sonata No. 1 in F Minor, Op. 2 No. 1 - IV. Prestissimo",Classical
10035,Skidmore College Orchestra,II. Il vecchio castello Andante,Classical
11326,Aaron Dunn,Sonatina No. 1 in C Major - I. Allegro,Classical
11349,Brendan Kinsella,"Mozart - Piano Sonata in B-flat major, III. Allegretto Grazioso",Classical
11750,Free Tim,Vivaldo's Spring from the Four Seasons-Allegro,Classical
16271,Felix Weingartner,"Beethoven, Symphony No.9, 2nd Mvt",Classical
19330,Fabrizio Paterlini,Profondo Blu,Classical
19331,Fabrizio Paterlini,Viandanze,Classical
19332,Fabrizio Paterlini,"Lontana, dolcemente sospesa",Classical
19333,Fabrizio Paterlini,Veloma,Classical
23161,Lee Maddeford,Le petit jardin (with Les Gauchers Orchestra),Classical
23164,Lee Maddeford,Téki (with Les Gauchers Orchestra),Classical
28549,Fabrizio Paterlini,Forever blue (March Rosetta re-imagined version),Classical
37979,Illinois Brass Band,"Bach, Toccata and Fugue in D Minor",Classical
48388,MIT Concert Choir,Fortune planto vulnera,Classical
48406,MIT Concert Choir,"Veni, veni, venias",Classical
48408,MIT Concert Choir,Tempus est iocundum,Classical
48409,MIT Concert Choir,Dulcissime,Classical
48410,MIT Concert Choir,Ave formosissima — O Fortuna (reprise),Classical
65782,Peter Rudenko,5:00 AM,Classical
65792,Peter Rudenko,Snowing,Classical
65795,Peter Rudenko,Transparent,Classical
65796,Peter Rudenko,Closing,Classical
